Workbook

Sheet Assessment Scores
A1: No | B1: Ticker | C1: Sector | D1: E&S Factor (%) | E1: CG Factor (%) | F1: E&S Rate | G1: Pseudo E&S score | H1: E&S Rate Name | I1: CG Rate (%) | J1: CG Rate Name | K1: Consolidated ESG score | M1: E&S Rate | N1: Pseudo E&S score
A2: 1 | B2: MSH | C2: Consumer Durables & Apparel | D2: =VLOOKUP(C2,'sector-factor'!$B$2:$D$23,2,FALSE) -> 0.6 | E2: =VLOOKUP(C2,'sector-factor'!$B$2:$D$23,3,FALSE) -> 0.4 | F2: B | G2: =VLOOKUP(F2,$M$2:$N$6,2,FALSE) -> 70 | H2: Good | I2: 64.5 | J2: Medium risk | K2: =G2*D2+I2*E2 -> 67.8 | M2: A | N2: 90
A3: 2 | B3: VPI | C3: Real Estate Management & Development | D3: =VLOOKUP(C3,'sector-factor'!$B$2:$D$23,2,FALSE) -> 0.6 | E3: =VLOOKUP(C3,'sector-factor'!$B$2:$D$23,3,FALSE) -> 0.4 | F3: C | G3: =VLOOKUP(F3,$M$2:$N$6,2,FALSE) -> 50 | H3: Average | I3: 69.125 | J3: Medium risk | K3: =G3*D3+I3*E3 -> 57.65 | M3: B | N3: 70
A4: 3 | B4: VTZ | C4: Consumer Durables & Apparel | D4: =VLOOKUP(C4,'sector-factor'!$B$2:$D$23,2,FALSE) -> 0.6 | E4: =VLOOKUP(C4,'sector-factor'!$B$2:$D$23,3,FALSE) -> 0.4 | F4: C | G4: =VLOOKUP(F4,$M$2:$N$6,2,FALSE) -> 50 | H4: Average | I4: 60.125 | J4: Medium risk | K4: =G4*D4+I4*E4 -> 54.05 | M4: C | N4: 50
A5: 4 | B5: POW | C5: Utilities | D5: =VLOOKUP(C5,'sector-factor'!$B$2:$D$23,2,FALSE) -> 0.7 | E5: =VLOOKUP(C5,'sector-factor'!$B$2:$D$23,3,FALSE) -> 0.3 | F5: D | G5: =VLOOKUP(F5,$M$2:$N$6,2,FALSE) -> 30 | H5: Need Improvement | I5: 65.375 | J5: Medium risk | K5: =G5*D5+I5*E5 -> 40.6125 | M5: D | N5: 30
A6: 5 | B6: ASM | C6: Real Estate Management & Development | D6: =VLOOKUP(C6,'sector-factor'!$B$2:$D$23,2,FALSE) -> 0.6 | E6: =VLOOKUP(C6,'sector-factor'!$B$2:$D$23,3,FALSE) -> 0.4 | F6: D | G6: =VLOOKUP(F6,$M$2:$N$6,2,FALSE) -> 30 | H6: Need Improvement | I6: 67.125 | J6: Medium risk | K6: =G6*D6+I6*E6 -> 44.85 | M6: E | N6: 0
A7: 6 | B7: DSE | C7: Financial Services | D7: =VLOOKUP(C7,'sector-factor'!$B$2:$D$23,2,FALSE) -> 0.3 | E7: =VLOOKUP(C7,'sector-factor'!$B$2:$D$23,3,FALSE) -> 0.7 | F7: C | G7: =VLOOKUP(F7,$M$2:$N$6,2,FALSE) -> 50 | H7: Average | I7: 66.875 | J7: Medium risk | K7: =G7*D7+I7*E7 -> 61.8125
A8: 7 | B8: VFS | C8: Financial Services | D8: =VLOOKUP(C8,'sector-factor'!$B$2:$D$23,2,FALSE) -> 0.3 | E8: =VLOOKUP(C8,'sector-factor'!$B$2:$D$23,3,FALSE) -> 0.7 | F8: C | G8: =VLOOKUP(F8,$M$2:$N$6,2,FALSE) -> 50 | H8: Average | I8: 62 | J8: Medium risk | K8: =G8*D8+I8*E8 -> 58.4
A9: 8 | B9: BAB | C9: Banks | D9: =VLOOKUP(C9,'sector-factor'!$B$2:$D$23,2,FALSE) -> 0.3 | E9: =VLOOKUP(C9,'sector-factor'!$B$2:$D$23,3,FALSE) -> 0.7 | F9: D | G9: =VLOOKUP(F9,$M$2:$N$6,2,FALSE) -> 30 | H9: Need Improvement | I9: 58.875 | J9: Medium risk | K9: =G9*D9+I9*E9 -> 50.2125
A10: 9 | B10: HCM | C10: Financial Services | D10: =VLOOKUP(C10,'sector-factor'!$B$2:$D$23,2,FALSE) -> 0.3 | E10: =VLOOKUP(C10,'sector-factor'!$B$2:$D$23,3,FALSE) -> 0.7 | F10: C | G10: =VLOOKUP(F10,$M$2:$N$6,2,FALSE) -> 50 | H10: Average | I10: 67.875 | J10: Medium risk | K10: =G10*D10+I10*E10 -> 62.5125
A11: 10 | B11: BMP | C11: Capital Goods | D11: =VLOOKUP(C11,'sector-factor'!$B$2:$D$23,2,FALSE) -> 0.65 | E11: =VLOOKUP(C11,'sector-factor'!$B$2:$D$23,3,FALSE) -> 0.35 | F11: C | G11: =VLOOKUP(F11,$M$2:$N$6,2,FALSE) -> 50 | H11: Average | I11: 65.75 | J11: Medium risk | K11: =G11*D11+I11*E11 -> 55.5125
A12: 11 | B12: IJC | C12: Capital Goods | D12: =VLOOKUP(C12,'sector-factor'!$B$2:$D$23,2,FALSE) -> 0.65 | E12: =VLOOKUP(C12,'sector-factor'!$B$2:$D$23,3,FALSE) -> 0.35 | F12: B | G12: =VLOOKUP(F12,$M$2:$N$6,2,FALSE) -> 70 | H12: Good | I12: 69.875 | J12: Medium risk | K12: =G12*D12+I12*E12 -> 69.95625
A13: 12 | B13: TTN | C13: Software & Services | D13: =VLOOKUP(C13,'sector-factor'!$B$2:$D$23,2,FALSE) -> 0.4 | E13: =VLOOKUP(C13,'sector-factor'!$B$2:$D$23,3,FALSE) -> 0.6 | F13: C | G13: =VLOOKUP(F13,$M$2:$N$6,2,FALSE) -> 50 | H13: Average | I13: 72.75 | J13: Medium risk | K13: =G13*D13+I13*E13 -> 63.65
A14: 13 | B14: REE | C14: Capital Goods | D14: =VLOOKUP(C14,'sector-factor'!$B$2:$D$23,2,FALSE) -> 0.65 | E14: =VLOOKUP(C14,'sector-factor'!$B$2:$D$23,3,FALSE) -> 0.35 | F14: D | G14: =VLOOKUP(F14,$M$2:$N$6,2,FALSE) -> 30 | H14: Need Improvement | I14: 67.5 | J14: Medium risk | K14: =G14*D14+I14*E14 -> 43.125
A15: 14 | B15: TAL | C15: Real Estate Management & Development | D15: =VLOOKUP(C15,'sector-factor'!$B$2:$D$23,2,FALSE) -> 0.6 | E15: =VLOOKUP(C15,'sector-factor'!$B$2:$D$23,3,FALSE) -> 0.4 | F15: C | G15: =VLOOKUP(F15,$M$2:$N$6,2,FALSE) -> 50 | H15: Average | I15: 65.875 | J15: Medium risk | K15: =G15*D15+I15*E15 -> 56.35
A16: 15 | B16: ANV | C16: Food, Beverage & Tobacco | D16: =VLOOKUP(C16,'sector-factor'!$B$2:$D$23,2,FALSE) -> 0.6 | E16: =VLOOKUP(C16,'sector-factor'!$B$2:$D$23,3,FALSE) -> 0.4 | F16: D | G16: =VLOOKUP(F16,$M$2:$N$6,2,FALSE) -> 30 | H16: Need Improvement | I16: 71.75 | J16: Medium risk | K16: =G16*D16+I16*E16 -> 46.7
A17: 16 | B17: CSV | C17: Materials | D17: =VLOOKUP(C17,'sector-factor'!$B$2:$D$23,2,FALSE) -> 0.7 | E17: =VLOOKUP(C17,'sector-factor'!$B$2:$D$23,3,FALSE) -> 0.3 | F17: D | G17: =VLOOKUP(F17,$M$2:$N$6,2,FALSE) -> 30 | H17: Need Improvement | I17: 71.75 | J17: Medium risk | K17: =G17*D17+I17*E17 -> 42.525
A18: 17 | B18: VNM | C18: Food, Beverage & Tobacco | D18: =VLOOKUP(C18,'sector-factor'!$B$2:$D$23,2,FALSE) -> 0.6 | E18: =VLOOKUP(C18,'sector-factor'!$B$2:$D$23,3,FALSE) -> 0.4 | F18: A | G18: =VLOOKUP(F18,$M$2:$N$6,2,FALSE) -> 90 | H18: Excellent | I18: 84 | J18: Low risk | K18: =G18*D18+I18*E18 -> 87.6
... A194: 193 | B194: VGT | C194: Consumer Durables & Apparel | D194: =VLOOKUP(C194,'sector-factor'!$B$2:$D$23,2,FALSE) -> 0.6 | E194: =VLOOKUP(C194,'sector-factor'!$B$2:$D$23,3,FALSE) -> 0.4 | F194: D | G194: =VLOOKUP(F194,$M$2:$N$6,2,FALSE) -> 30 | H194: Need Improvement | I194: 56 | J194: Medium risk | K194: =G194*D194+I194*E194 -> 40.4

Sheet sector-factor
A1: No. | B1: GICS Level 2 Sector | C1: E&S Factor (%) | D1: CG Factor (%)
A2: 1 | B2: Materials | C2: 0.7 | D2: 0.3
A3: 2 | B3: Food, Beverage & Tobacco | C3: 0.6 | D3: 0.4
A4: 3 | B4: Consumer Durables & Apparel | C4: 0.6 | D4: 0.4
A5: 4 | B5: Real Estate Management & Development | C5: 0.6 | D5: 0.4
A6: 5 | B6: Commercial & Professional Services | C6: 0.5 | D6: 0.5
A7: 6 | B7: Capital Goods | C7: 0.65 | D7: 0.35
A8: 7 | B8: Banks | C8: 0.3 | D8: 0.7
A9: 8 | B9: Transportation | C9: 0.65 | D9: 0.35
A10: 9 | B10: Media & Entertainment | C10: 0.4 | D10: 0.6
A11: 10 | B11: Financial Services | C11: 0.3 | D11: 0.7
A12: 11 | B12: Health Care Equipment & Services | C12: 0.5 | D12: 0.5
A13: 12 | B13: Energy | C13: 0.75 | D13: 0.25
... A23: 22 | B23: Telecommunication Services | C23: 0.45 | D23: 0.55

Sheet send
A1: No | B1: Ticker | C1: Sector | D1: E&S Rate | E1: CG Rate (%) | F1: Consolidated ESG score
A2: 1 | B2: AAA | C2: Materials | D2: C | E2: 63.875 | F2: 54.1625
A3: 2 | B3: AAS | C3: Financial Services | D3: C | E3: 54.5 | F3: 53.15
A4: 3 | B4: ABB | C4: Banks | D4: C | E4: 78.375 | F4: 69.8625
A5: 4 | B5: ACB | C5: Banks | D5: B | E5: 85.75 | F5: 81.025
A6: 5 | B6: ACV | C6: Transportation | D6: D | E6: 74 | F6: 45.4
A7: 6 | B7: AGG | C7: Real Estate Management & Development | D7: B | E7: 71 | F7: 70.4
A8: 7 | B8: AGR | C8: Financial Services | D8: C | E8: 51.75 | F8: 51.225
A9: 8 | B9: ANV | C9: Food, Beverage & Tobacco | D9: D | E9: 71.75 | F9: 46.7
A10: 9 | B10: APH | C10: Materials | D10: D | E10: 70.5 | F10: 42.15
A11: 10 | B11: ASM | C11: Real Estate Management & Development | D11: D | E11: 67.125 | F11: 44.85
A12: 11 | B12: BAB | C12: Banks | D12: D | E12: 58.875 | F12: 50.2125
A13: 12 | B13: BAF | C13: Food, Beverage & Tobacco | D13: C | E13: 68.5 | F13: 57.4
... A194: 193 | B194: VTZ | C194: Consumer Durables & Apparel | D194: C | E194: 60.125 | F194: 54.05

Sheet ESG-ETF
A1: Ticker | B1: Sector | C1: ESG score | D1: Weight | E1: ESG score - Sep 2025
A2: FPT | B2: Software & Services | C2: 87.3 | D2: 0.1 | E2: =VLOOKUP(A2,'Assessment Scores'!$B$2:$K$194,10, FALSE) -> 88.8
A3: SSI | B3: Diversified Financials | C3: 86.7 | D3: 0.065 | E3: =VLOOKUP(A3,'Assessment Scores'!$B$2:$K$194,10, FALSE) -> 90.175
A4: ACB | B4: Banks | C4: 81.1 | D4: 0.059 | E4: =VLOOKUP(A4,'Assessment Scores'!$B$2:$K$194,10, FALSE) -> 81.025
A5: LPB | B5: Banks | C5: 59.7 | D5: 0.058 | E5: =VLOOKUP(A5,'Assessment Scores'!$B$2:$K$194,10, FALSE) -> 59.7125
A6: STB | B6: Banks | C6: 77.2 | D6: 0.053 | E6: =VLOOKUP(A6,'Assessment Scores'!$B$2:$K$194,10, FALSE) -> 79.8
A7: MBB | B7: Banks | C7: 75.7 | D7: 0.05 | E7: =VLOOKUP(A7,'Assessment Scores'!$B$2:$K$194,10, FALSE) -> 75.6875
A8: VJC | B8: Transportation | C8: 56.3 | D8: 0.049 | E8: =VLOOKUP(A8,'Assessment Scores'!$B$2:$K$194,10, FALSE) -> 44.30625
A9: PNJ | B9: Consumer Durables & Apparel | C9: 90.8 | D9: 0.048 | E9: =VLOOKUP(A9,'Assessment Scores'!$B$2:$K$194,10, FALSE) -> 90.8
A10: VRE | B10: Real Estate | C10: 71.9 | D10: 0.042 | E10: =VLOOKUP(A10,'Assessment Scores'!$B$2:$K$194,10, FALSE) -> 71.9
A11: GMD | B11: Transportation | C11: 44.5 | D11: 0.039 | E11: =VLOOKUP(A11,'Assessment Scores'!$B$2:$K$194,10, FALSE) -> 44.4375
A12: HDB | B12: Banks | C12: 73.7 | D12: 0.036 | E12: =VLOOKUP(A12,'Assessment Scores'!$B$2:$K$194,10, FALSE) -> 73.675
A13: VIX | B13: Diversified Financials | C13: 67.5 | D13: 0.035 | E13: =VLOOKUP(A13,'Assessment Scores'!$B$2:$K$194,10, FALSE) -> 67.5
... A41: BSI | B41: Diversified Financials | C41: 74.6 | D41: 0.003 | E41: =VLOOKUP(A41,'Assessment Scores'!$B$2:$K$194,10, FALSE) -> 74.55
B42: Weighted Average ESG Score | C42: 71.5 | E42: =VLOOKUP(A42,'Assessment Scores'!$B$2:$K$194,10, FALSE) -> #N/A
